"0","### SETTINGS"
"0","library(BayesianTools)"
"0","library(tidyverse)"
"2","replacing previous import ‘vctrs::data_frame’ by ‘tibble::data_frame’ when loading ‘dplyr’"
"2","Registered S3 methods overwritten by 'dbplyr':
  method         from
  print.tbl_lazy     
  print.tbl_sql      
"
"2","[37m-- [1mAttaching packages[22m --------------------------------------- tidyverse 1.3.0 --[39m
"
"2","[37m[32mv[37m [34mggplot2[37m 3.3.2     [32mv[37m [34mpurrr  [37m 0.3.4
[32mv[37m [34mtibble [37m 3.0.3     [32mv[37m [34mdplyr  [37m 1.0.0
[32mv[37m [34mtidyr  [37m 1.1.0     [32mv[37m [34mstringr[37m 1.4.0
[32mv[37m [34mreadr  [37m 1.3.1     [32mv[37m [34mforcats[37m 0.5.0[39m
"
"2","[37m-- [1mConflicts[22m ------------------------------------------ tidyverse_conflicts() --
[31mx[37m [34mdplyr[37m::[32mfilter()[37m masks [34mstats[37m::filter()
[31mx[37m [34mdplyr[37m::[32mlag()[37m    masks [34mstats[37m::lag()[39m
"
"0","library(gridExtra)"
"2","
Attaching package: ‘gridExtra’

"
"2","The following object is masked from ‘package:dplyr’:

    combine

"
"0","CLEAN.BUILD = FALSE"
"0",""
"0","## PLOT.DIAGNOSTICS = TRUE"
"0","defParms = c(1,3,5,6,9,10) "
"0","exptPath = ""RDataWorkingMSILong/"""
"0","exptPath = ""C:/Users/minunno/Documents/research/tg15"""
"0","#exptPath = ""~/OneDrive - NERC/COST/TG15/RDataWorkingMSILong/"""
